Kota/Kabupaten;Tahun;Tanaman;Produksi;Wilayah
Pacitan;2018;Alpukat;8704;Kabupaten
Ponorogo;2018;Alpukat;24603;Kabupaten
Trenggalek;2018;Alpukat;57248;Kabupaten
Tulungagung;2018;Alpukat;37855;Kabupaten
Blitar;2018;Alpukat;69101;Kabupaten
Kediri;2018;Alpukat;37211;Kabupaten
Malang;2018;Alpukat;318249;Kabupaten
Lumajang;2018;Alpukat;33524;Kabupaten
Jember;2018;Alpukat;22191;Kabupaten
Banyuwangi;2018;Alpukat;13935;Kabupaten
Bondowoso;2018;Alpukat;51803;Kabupaten
Situbondo;2018;Alpukat;655;Kabupaten
Probolinggo;2018;Alpukat;211209;Kabupaten
Pasuruan;2018;Alpukat;68180;Kabupaten
Sidoarjo;2018;Alpukat;18;Kabupaten
Mojokerto;2018;Alpukat;12174;Kabupaten
Jombang;2018;Alpukat;2192;Kabupaten
Nganjuk;2018;Alpukat;23012;Kabupaten
Madiun;2018;Alpukat;15857;Kabupaten
Magetan;2018;Alpukat;6758;Kabupaten
Ngawi;2018;Alpukat;3563;Kabupaten
Bojonegoro;2018;Alpukat;2110;Kabupaten
Tuban;2018;Alpukat;106;Kabupaten
Lamongan;2018;Alpukat;63;Kabupaten
Gresik;2018;Alpukat;251;Kabupaten
Bangkalan;2018;Alpukat;320;Kabupaten
Sampang;2018;Alpukat;86;Kabupaten
Pamekasan;2018;Alpukat;6020;Kabupaten
Sumenep;2018;Alpukat;330;Kabupaten
Kediri;2018;Alpukat;95;Kota
Blitar;2018;Alpukat;447;Kota
Malang;2018;Alpukat;70;Kota
Probolinggo;2018;Alpukat;47;Kota
Pasuruan;2018;Alpukat;168;Kota
Mojokerto;2018;Alpukat;6758;Kota
Madiun;2018;Alpukat;6758;Kota
Surabaya;2018;Alpukat;6758;Kota
Batu;2018;Alpukat;55652;Kota
Pacitan;2019;Alpukat;11272;Kabupaten
Ponorogo;2019;Alpukat;34187;Kabupaten
Trenggalek;2019;Alpukat;15412;Kabupaten
Tulungagung;2019;Alpukat;32436;Kabupaten
Blitar;2019;Alpukat;80165;Kabupaten
Kediri;2019;Alpukat;72820;Kabupaten
Malang;2019;Alpukat;350905;Kabupaten
Lumajang;2019;Alpukat;25036;Kabupaten
Jember;2019;Alpukat;20261;Kabupaten
Banyuwangi;2019;Alpukat;11894;Kabupaten
Bondowoso;2019;Alpukat;47569;Kabupaten
Situbondo;2019;Alpukat;1915;Kabupaten
Probolinggo;2019;Alpukat;75841;Kabupaten
Pasuruan;2019;Alpukat;74235;Kabupaten
Sidoarjo;2019;Alpukat;1;Kabupaten
Mojokerto;2019;Alpukat;9290;Kabupaten
Jombang;2019;Alpukat;2083;Kabupaten
Nganjuk;2019;Alpukat;62315;Kabupaten
Madiun;2019;Alpukat;10803;Kabupaten
Magetan;2019;Alpukat;4789;Kabupaten
Ngawi;2019;Alpukat;7057;Kabupaten
Bojonegoro;2019;Alpukat;549;Kabupaten
Tuban;2019;Alpukat;466;Kabupaten
Lamongan;2019;Alpukat;58;Kabupaten
Gresik;2019;Alpukat;327;Kabupaten
Bangkalan;2019;Alpukat;249;Kabupaten
Sampang;2019;Alpukat;176;Kabupaten
Pamekasan;2019;Alpukat;1860;Kabupaten
Sumenep;2019;Alpukat;286;Kabupaten
Kediri;2019;Alpukat;597;Kota
Blitar;2019;Alpukat;624;Kota
Malang;2019;Alpukat;185;Kota
Probolinggo;2019;Alpukat;25;Kota
Pasuruan;2019;Alpukat;160;Kota
Mojokerto;2019;Alpukat;5923;Kota
Madiun;2019;Alpukat;5923;Kota
Surabaya;2019;Alpukat;16;Kota
Batu;2019;Alpukat;57232;Kota
Pacitan;2020;Alpukat;16846;Kabupaten
Ponorogo;2020;Alpukat;63364;Kabupaten
Trenggalek;2020;Alpukat;30536;Kabupaten
Tulungagung;2020;Alpukat;15208;Kabupaten
Blitar;2020;Alpukat;93674;Kabupaten
Kediri;2020;Alpukat;114433;Kabupaten
Malang;2020;Alpukat;354240;Kabupaten
Lumajang;2020;Alpukat;27612;Kabupaten
Jember;2020;Alpukat;41467;Kabupaten
Banyuwangi;2020;Alpukat;15684;Kabupaten
Bondowoso;2020;Alpukat;56436;Kabupaten
Situbondo;2020;Alpukat;1238;Kabupaten
Probolinggo;2020;Alpukat;86932;Kabupaten
Pasuruan;2020;Alpukat;667509;Kabupaten
Sidoarjo;2020;Alpukat;9424;Kabupaten
Mojokerto;2020;Alpukat;9424;Kabupaten
Jombang;2020;Alpukat;4473;Kabupaten
Nganjuk;2020;Alpukat;49592;Kabupaten
Madiun;2020;Alpukat;8606;Kabupaten
Magetan;2020;Alpukat;15747;Kabupaten
Ngawi;2020;Alpukat;5250;Kabupaten
Bojonegoro;2020;Alpukat;74;Kabupaten
Tuban;2020;Alpukat;1106;Kabupaten
Lamongan;2020;Alpukat;248;Kabupaten
Gresik;2020;Alpukat;1142;Kabupaten
Bangkalan;2020;Alpukat;512;Kabupaten
Sampang;2020;Alpukat;187;Kabupaten
Pamekasan;2020;Alpukat;15675;Kabupaten
Sumenep;2020;Alpukat;297;Kabupaten
Kediri;2020;Alpukat;599;Kota
Blitar;2020;Alpukat;669;Kota
Malang;2020;Alpukat;357;Kota
Probolinggo;2020;Alpukat;10;Kota
Pasuruan;2020;Alpukat;173;Kota
Mojokerto;2020;Alpukat;9424;Kota
Madiun;2020;Alpukat;9424;Kota
Surabaya;2020;Alpukat;4;Kota
Batu;2020;Alpukat;58022;Kota
Pacitan;2021;Alpukat;17726;Kabupaten
Ponorogo;2021;Alpukat;46683;Kabupaten
Trenggalek;2021;Alpukat;39584;Kabupaten
Tulungagung;2021;Alpukat;24776;Kabupaten
Blitar;2021;Alpukat;120285;Kabupaten
Kediri;2021;Alpukat;130983;Kabupaten
Malang;2021;Alpukat;518011;Kabupaten
Lumajang;2021;Alpukat;30217;Kabupaten
Jember;2021;Alpukat;50740;Kabupaten
Banyuwangi;2021;Alpukat;12464;Kabupaten
Bondowoso;2021;Alpukat;53282;Kabupaten
Situbondo;2021;Alpukat;3054;Kabupaten
Probolinggo;2021;Alpukat;35921;Kabupaten
Pasuruan;2021;Alpukat;53186;Kabupaten
Sidoarjo;2021;Alpukat;43;Kabupaten
Mojokerto;2021;Alpukat;25041;Kabupaten
Jombang;2021;Alpukat;13405;Kabupaten
Nganjuk;2021;Alpukat;79874;Kabupaten
Madiun;2021;Alpukat;12904;Kabupaten
Magetan;2021;Alpukat;19784;Kabupaten
Ngawi;2021;Alpukat;7704;Kabupaten
Bojonegoro;2021;Alpukat;456;Kabupaten
Tuban;2021;Alpukat;1166;Kabupaten
Lamongan;2021;Alpukat;92;Kabupaten
Gresik;2021;Alpukat;1253;Kabupaten
Bangkalan;2021;Alpukat;1205;Kabupaten
Sampang;2021;Alpukat;231;Kabupaten
Pamekasan;2021;Alpukat;5453;Kabupaten
Sumenep;2021;Alpukat;850;Kabupaten
Kediri;2021;Alpukat;2194;Kota
Blitar;2021;Alpukat;1093;Kota
Malang;2021;Alpukat;745;Kota
Probolinggo;2021;Alpukat;12;Kota
Pasuruan;2021;Alpukat;168;Kota
Mojokerto;2021;Alpukat;12684;Kota
Madiun;2021;Alpukat;12684;Kota
Surabaya;2021;Alpukat;4;Kota
Batu;2021;Alpukat;58334;Kota
Pacitan;2018;Belimbing;2204;Kabupaten
Ponorogo;2018;Belimbing;7860;Kabupaten
Trenggalek;2018;Belimbing;4549;Kabupaten
Tulungagung;2018;Belimbing;70556;Kabupaten
Blitar;2018;Belimbing;134572;Kabupaten
Kediri;2018;Belimbing;26518;Kabupaten
Malang;2018;Belimbing;59253;Kabupaten
Lumajang;2018;Belimbing;7127;Kabupaten
Jember;2018;Belimbing;27838;Kabupaten
Banyuwangi;2018;Belimbing;5094;Kabupaten
Bondowoso;2018;Belimbing;3519;Kabupaten
Situbondo;2018;Belimbing;1230;Kabupaten
Probolinggo;2018;Belimbing;2207;Kabupaten
Pasuruan;2018;Belimbing;24339;Kabupaten
Sidoarjo;2018;Belimbing;7860;Kabupaten
Mojokerto;2018;Belimbing;6058;Kabupaten
Jombang;2018;Belimbing;8030;Kabupaten
Nganjuk;2018;Belimbing;5079;Kabupaten
Madiun;2018;Belimbing;9095;Kabupaten
Magetan;2018;Belimbing;384;Kabupaten
Ngawi;2018;Belimbing;5642;Kabupaten
Bojonegoro;2018;Belimbing;21776;Kabupaten
Tuban;2018;Belimbing;23729;Kabupaten
Lamongan;2018;Belimbing;4209;Kabupaten
Gresik;2018;Belimbing;3771;Kabupaten
Bangkalan;2018;Belimbing;397;Kabupaten
Sampang;2018;Belimbing;393;Kabupaten
Pamekasan;2018;Belimbing;1069;Kabupaten
Sumenep;2018;Belimbing;1038;Kabupaten
Kediri;2018;Belimbing;637;Kota
Blitar;2018;Belimbing;16588;Kota
Malang;2018;Belimbing;1423;Kota
Probolinggo;2018;Belimbing;502;Kota
Pasuruan;2018;Belimbing;3175;Kota
Mojokerto;2018;Belimbing;25;Kota
Madiun;2018;Belimbing;320;Kota
Surabaya;2018;Belimbing;4967;Kota
Batu;2018;Belimbing;91;Kota
Pacitan;2019;Belimbing;1739;Kabupaten
Ponorogo;2019;Belimbing;9688;Kabupaten
Trenggalek;2019;Belimbing;3673;Kabupaten
Tulungagung;2019;Belimbing;53922;Kabupaten
Blitar;2019;Belimbing;128474;Kabupaten
Kediri;2019;Belimbing;20937;Kabupaten
Malang;2019;Belimbing;64408;Kabupaten
Lumajang;2019;Belimbing;6511;Kabupaten
Jember;2019;Belimbing;44241;Kabupaten
Banyuwangi;2019;Belimbing;2376;Kabupaten
Bondowoso;2019;Belimbing;2759;Kabupaten
Situbondo;2019;Belimbing;688;Kabupaten
Probolinggo;2019;Belimbing;2462;Kabupaten
Pasuruan;2019;Belimbing;9646;Kabupaten
Sidoarjo;2019;Belimbing;7973;Kabupaten
Mojokerto;2019;Belimbing;5187;Kabupaten
Jombang;2019;Belimbing;21812;Kabupaten
Nganjuk;2019;Belimbing;21522;Kabupaten
Madiun;2019;Belimbing;4803;Kabupaten
Magetan;2019;Belimbing;519;Kabupaten
Ngawi;2019;Belimbing;6777;Kabupaten
Bojonegoro;2019;Belimbing;24651;Kabupaten
Tuban;2019;Belimbing;34929;Kabupaten
Lamongan;2019;Belimbing;10818;Kabupaten
Gresik;2019;Belimbing;5399;Kabupaten
Bangkalan;2019;Belimbing;453;Kabupaten
Sampang;2019;Belimbing;384;Kabupaten
Pamekasan;2019;Belimbing;533;Kabupaten
Sumenep;2019;Belimbing;1043;Kabupaten
Kediri;2019;Belimbing;1642;Kota
Blitar;2019;Belimbing;18882;Kota
Malang;2019;Belimbing;1438;Kota
Probolinggo;2019;Belimbing;640;Kota
Pasuruan;2019;Belimbing;3875;Kota
Mojokerto;2019;Belimbing;27;Kota
Madiun;2019;Belimbing;536;Kota
Surabaya;2019;Belimbing;3550;Kota
Batu;2019;Belimbing;82;Kota
Pacitan;2020;Belimbing;1910;Kabupaten
Ponorogo;2020;Belimbing;11781;Kabupaten
Trenggalek;2020;Belimbing;3500;Kabupaten
Tulungagung;2020;Belimbing;56011;Kabupaten
Blitar;2020;Belimbing;82334;Kabupaten
Kediri;2020;Belimbing;20948;Kabupaten
Malang;2020;Belimbing;77674;Kabupaten
Lumajang;2020;Belimbing;6881;Kabupaten
Jember;2020;Belimbing;30622;Kabupaten
Banyuwangi;2020;Belimbing;2613;Kabupaten
Bondowoso;2020;Belimbing;2262;Kabupaten
Situbondo;2020;Belimbing;246;Kabupaten
Probolinggo;2020;Belimbing;2481;Kabupaten
Pasuruan;2020;Belimbing;77607;Kabupaten
Sidoarjo;2020;Belimbing;8497;Kabupaten
Mojokerto;2020;Belimbing;6805;Kabupaten
Jombang;2020;Belimbing;40056;Kabupaten
Nganjuk;2020;Belimbing;28500;Kabupaten
Madiun;2020;Belimbing;2996;Kabupaten
Magetan;2020;Belimbing;680;Kabupaten
Ngawi;2020;Belimbing;4180;Kabupaten
Bojonegoro;2020;Belimbing;15290;Kabupaten
Tuban;2020;Belimbing;41322;Kabupaten
Lamongan;2020;Belimbing;17599;Kabupaten
Gresik;2020;Belimbing;4577;Kabupaten
Bangkalan;2020;Belimbing;331;Kabupaten
Sampang;2020;Belimbing;353;Kabupaten
Pamekasan;2020;Belimbing;1163;Kabupaten
Sumenep;2020;Belimbing;986;Kabupaten
Kediri;2020;Belimbing;2805;Kota
Blitar;2020;Belimbing;30156;Kota
Malang;2020;Belimbing;1419;Kota
Probolinggo;2020;Belimbing;1336;Kota
Pasuruan;2020;Belimbing;2426;Kota
Mojokerto;2020;Belimbing;22;Kota
Madiun;2020;Belimbing;1069;Kota
Surabaya;2020;Belimbing;4290;Kota
Batu;2020;Belimbing;99;Kota
Pacitan;2021;Belimbing;1991;Kabupaten
Ponorogo;2021;Belimbing;12802;Kabupaten
Trenggalek;2021;Belimbing;4087;Kabupaten
Tulungagung;2021;Belimbing;103994;Kabupaten
Blitar;2021;Belimbing;109513;Kabupaten
Kediri;2021;Belimbing;40225;Kabupaten
Malang;2021;Belimbing;174485;Kabupaten
Lumajang;2021;Belimbing;7027;Kabupaten
Jember;2021;Belimbing;21270;Kabupaten
Banyuwangi;2021;Belimbing;6925;Kabupaten
Bondowoso;2021;Belimbing;2209;Kabupaten
Situbondo;2021;Belimbing;589;Kabupaten
Probolinggo;2021;Belimbing;3084;Kabupaten
Pasuruan;2021;Belimbing;952;Kabupaten
Sidoarjo;2021;Belimbing;11090;Kabupaten
Mojokerto;2021;Belimbing;5177;Kabupaten
Jombang;2021;Belimbing;62268;Kabupaten
Nganjuk;2021;Belimbing;25901;Kabupaten
Madiun;2021;Belimbing;4952;Kabupaten
Magetan;2021;Belimbing;1137;Kabupaten
Ngawi;2021;Belimbing;10856;Kabupaten
Bojonegoro;2021;Belimbing;10954;Kabupaten
Tuban;2021;Belimbing;45759;Kabupaten
Lamongan;2021;Belimbing;8274;Kabupaten
Gresik;2021;Belimbing;6896;Kabupaten
Bangkalan;2021;Belimbing;397;Kabupaten
Sampang;2021;Belimbing;184;Kabupaten
Pamekasan;2021;Belimbing;720;Kabupaten
Sumenep;2021;Belimbing;1533;Kabupaten
Kediri;2021;Belimbing;3587;Kota
Blitar;2021;Belimbing;30597;Kota
Malang;2021;Belimbing;1491;Kota
Probolinggo;2021;Belimbing;516;Kota
Pasuruan;2021;Belimbing;2346;Kota
Mojokerto;2021;Belimbing;77;Kota
Madiun;2021;Belimbing;1244;Kota
Surabaya;2021;Belimbing;2538;Kota
Batu;2021;Belimbing;88;Kota
Pacitan;2018;Jambu Air;7206;Kabupaten
Ponorogo;2018;Jambu Air;3830;Kabupaten
Trenggalek;2018;Jambu Air;626;Kabupaten
Tulungagung;2018;Jambu Air;2313;Kabupaten
Blitar;2018;Jambu Air;1871;Kabupaten
Kediri;2018;Jambu Air;40180;Kabupaten
Malang;2018;Jambu Air;7880;Kabupaten
Lumajang;2018;Jambu Air;618;Kabupaten
Jember;2018;Jambu Air;4859;Kabupaten
Banyuwangi;2018;Jambu Air;4616;Kabupaten
Bondowoso;2018;Jambu Air;2133;Kabupaten
Situbondo;2018;Jambu Air;525;Kabupaten
Probolinggo;2018;Jambu Air;1289;Kabupaten
Pasuruan;2018;Jambu Air;19784;Kabupaten
Sidoarjo;2018;Jambu Air;1513;Kabupaten
Mojokerto;2018;Jambu Air;2233;Kabupaten
Jombang;2018;Jambu Air;7701;Kabupaten
Nganjuk;2018;Jambu Air;9410;Kabupaten
Madiun;2018;Jambu Air;2820;Kabupaten
Magetan;2018;Jambu Air;138;Kabupaten
Ngawi;2018;Jambu Air;3788;Kabupaten
Bojonegoro;2018;Jambu Air;16115;Kabupaten
Tuban;2018;Jambu Air;1719;Kabupaten
Lamongan;2018;Jambu Air;3999;Kabupaten
Gresik;2018;Jambu Air;5329;Kabupaten
Bangkalan;2018;Jambu Air;1187;Kabupaten
Sampang;2018;Jambu Air;17010;Kabupaten
Pamekasan;2018;Jambu Air;1593;Kabupaten
Sumenep;2018;Jambu Air;2015;Kabupaten
Kediri;2018;Jambu Air;105;Kota
Blitar;2018;Jambu Air;197;Kota
Malang;2018;Jambu Air;109;Kota
Probolinggo;2018;Jambu Air;22;Kota
Pasuruan;2018;Jambu Air;1637;Kota
Mojokerto;2018;Jambu Air;12;Kota
Madiun;2018;Jambu Air;43;Kota
Surabaya;2018;Jambu Air;2021;Kota
Batu;2018;Jambu Air;299;Kota
Pacitan;2019;Jambu Air;7206;Kabupaten
Ponorogo;2019;Jambu Air;4584;Kabupaten
Trenggalek;2019;Jambu Air;910;Kabupaten
Tulungagung;2019;Jambu Air;2320;Kabupaten
Blitar;2019;Jambu Air;2403;Kabupaten
Kediri;2019;Jambu Air;36212;Kabupaten
Malang;2019;Jambu Air;6822;Kabupaten
Lumajang;2019;Jambu Air;1040;Kabupaten
Jember;2019;Jambu Air;7378;Kabupaten
Banyuwangi;2019;Jambu Air;5463;Kabupaten
Bondowoso;2019;Jambu Air;2632;Kabupaten
Situbondo;2019;Jambu Air;526;Kabupaten
Probolinggo;2019;Jambu Air;2151;Kabupaten
Pasuruan;2019;Jambu Air;19225;Kabupaten
Sidoarjo;2019;Jambu Air;1380;Kabupaten
Mojokerto;2019;Jambu Air;1637;Kabupaten
Jombang;2019;Jambu Air;7206;Kabupaten
Nganjuk;2019;Jambu Air;14963;Kabupaten
Madiun;2019;Jambu Air;2524;Kabupaten
Magetan;2019;Jambu Air;558;Kabupaten
Ngawi;2019;Jambu Air;4990;Kabupaten
Bojonegoro;2019;Jambu Air;10202;Kabupaten
Tuban;2019;Jambu Air;1928;Kabupaten
Lamongan;2019;Jambu Air;5176;Kabupaten
Gresik;2019;Jambu Air;4578;Kabupaten
Bangkalan;2019;Jambu Air;455;Kabupaten
Sampang;2019;Jambu Air;29825;Kabupaten
Pamekasan;2019;Jambu Air;6155;Kabupaten
Sumenep;2019;Jambu Air;2226;Kabupaten
Kediri;2019;Jambu Air;3789;Kota
Blitar;2019;Jambu Air;210;Kota
Malang;2019;Jambu Air;123;Kota
Probolinggo;2019;Jambu Air;34;Kota
Pasuruan;2019;Jambu Air;1814;Kota
Mojokerto;2019;Jambu Air;12;Kota
Madiun;2019;Jambu Air;108;Kota
Surabaya;2019;Jambu Air;5002;Kota
Batu;2019;Jambu Air;228;Kota
Pacitan;2020;Jambu Air;4631;Kabupaten
Ponorogo;2020;Jambu Air;17854;Kabupaten
Trenggalek;2020;Jambu Air;1410;Kabupaten
Tulungagung;2020;Jambu Air;1951;Kabupaten
Blitar;2020;Jambu Air;2198;Kabupaten
Kediri;2020;Jambu Air;39716;Kabupaten
Malang;2020;Jambu Air;8046;Kabupaten
Lumajang;2020;Jambu Air;1436;Kabupaten
Jember;2020;Jambu Air;9927;Kabupaten
Banyuwangi;2020;Jambu Air;5385;Kabupaten
Bondowoso;2020;Jambu Air;2556;Kabupaten
Situbondo;2020;Jambu Air;191;Kabupaten
Probolinggo;2020;Jambu Air;1980;Kabupaten
Pasuruan;2020;Jambu Air;110744;Kabupaten
Sidoarjo;2020;Jambu Air;1095;Kabupaten
Mojokerto;2020;Jambu Air;2492;Kabupaten
Jombang;2020;Jambu Air;9797;Kabupaten
Nganjuk;2020;Jambu Air;12682;Kabupaten
Madiun;2020;Jambu Air;2172;Kabupaten
Magetan;2020;Jambu Air;461;Kabupaten
Ngawi;2020;Jambu Air;4544;Kabupaten
Bojonegoro;2020;Jambu Air;5499;Kabupaten
Tuban;2020;Jambu Air;3362;Kabupaten
Lamongan;2020;Jambu Air;31363;Kabupaten
Gresik;2020;Jambu Air;5425;Kabupaten
Bangkalan;2020;Jambu Air;1856;Kabupaten
Sampang;2020;Jambu Air;29403;Kabupaten
Pamekasan;2020;Jambu Air;5109;Kabupaten
Sumenep;2020;Jambu Air;2321;Kabupaten
Kediri;2020;Jambu Air;5900;Kota
Blitar;2020;Jambu Air;187;Kota
Malang;2020;Jambu Air;128;Kota
Probolinggo;2020;Jambu Air;53;Kota
Pasuruan;2020;Jambu Air;1966;Kota
Mojokerto;2020;Jambu Air;24;Kota
Madiun;2020;Jambu Air;165;Kota
Surabaya;2020;Jambu Air;3052;Kota
Batu;2020;Jambu Air;221;Kota
Pacitan;2021;Jambu Air;3588;Kabupaten
Ponorogo;2021;Jambu Air;8397;Kabupaten
Trenggalek;2021;Jambu Air;5185;Kabupaten
Tulungagung;2021;Jambu Air;2341;Kabupaten
Blitar;2021;Jambu Air;2688;Kabupaten
Kediri;2021;Jambu Air;38502;Kabupaten
Malang;2021;Jambu Air;10990;Kabupaten
Lumajang;2021;Jambu Air;784;Kabupaten
Jember;2021;Jambu Air;15708;Kabupaten
Banyuwangi;2021;Jambu Air;9078;Kabupaten
Bondowoso;2021;Jambu Air;2777;Kabupaten
Situbondo;2021;Jambu Air;977;Kabupaten
Probolinggo;2021;Jambu Air;3948;Kabupaten
Pasuruan;2021;Jambu Air;2031;Kabupaten
Sidoarjo;2021;Jambu Air;2387;Kabupaten
Mojokerto;2021;Jambu Air;2434;Kabupaten
Jombang;2021;Jambu Air;15441;Kabupaten
Nganjuk;2021;Jambu Air;14329;Kabupaten
Madiun;2021;Jambu Air;4389;Kabupaten
Magetan;2021;Jambu Air;1762;Kabupaten
Ngawi;2021;Jambu Air;9530;Kabupaten
Bojonegoro;2021;Jambu Air;4688;Kabupaten
Tuban;2021;Jambu Air;3761;Kabupaten
Lamongan;2021;Jambu Air;6675;Kabupaten
Gresik;2021;Jambu Air;21231;Kabupaten
Bangkalan;2021;Jambu Air;3354;Kabupaten
Sampang;2021;Jambu Air;32925;Kabupaten
Pamekasan;2021;Jambu Air;4118;Kabupaten
Sumenep;2021;Jambu Air;2443;Kabupaten
Kediri;2021;Jambu Air;4380;Kota
Blitar;2021;Jambu Air;190;Kota
Malang;2021;Jambu Air;136;Kota
Probolinggo;2021;Jambu Air;19;Kota
Pasuruan;2021;Jambu Air;2222;Kota
Mojokerto;2021;Jambu Air;16;Kota
Madiun;2021;Jambu Air;195;Kota
Surabaya;2021;Jambu Air;2326;Kota
Batu;2021;Jambu Air;224;Kota
Pacitan;2018;Mangga;166205;Kabupaten
Ponorogo;2018;Mangga;668898;Kabupaten
Trenggalek;2018;Mangga;144925;Kabupaten
Tulungagung;2018;Mangga;97751;Kabupaten
Blitar;2018;Mangga;65863;Kabupaten
Kediri;2018;Mangga;1222756;Kabupaten
Malang;2018;Mangga;172498;Kabupaten
Lumajang;2018;Mangga;108345;Kabupaten
Jember;2018;Mangga;153528;Kabupaten
Banyuwangi;2018;Mangga;353863;Kabupaten
Bondowoso;2018;Mangga;470017;Kabupaten
Situbondo;2018;Mangga;158515;Kabupaten
Probolinggo;2018;Mangga;273511;Kabupaten
Pasuruan;2018;Mangga;2453522;Kabupaten
Sidoarjo;2018;Mangga;89804;Kabupaten
Mojokerto;2018;Mangga;166773;Kabupaten
Jombang;2018;Mangga;270627;Kabupaten
Nganjuk;2018;Mangga;271814;Kabupaten
Madiun;2018;Mangga;351114;Kabupaten
Magetan;2018;Mangga;252000;Kabupaten
Ngawi;2018;Mangga;193926;Kabupaten
Bojonegoro;2018;Mangga;558413;Kabupaten
Tuban;2018;Mangga;379330;Kabupaten
Lamongan;2018;Mangga;285665;Kabupaten
Gresik;2018;Mangga;307556;Kabupaten
Bangkalan;2018;Mangga;132055;Kabupaten
Sampang;2018;Mangga;256088;Kabupaten
Pamekasan;2018;Mangga;180427;Kabupaten
Sumenep;2018;Mangga;273292;Kabupaten
Kediri;2018;Mangga;12285;Kota
Blitar;2018;Mangga;3063;Kota
Malang;2018;Mangga;2843;Kota
Probolinggo;2018;Mangga;25765;Kota
Pasuruan;2018;Mangga;29970;Kota
Mojokerto;2018;Mangga;2643;Kota
Madiun;2018;Mangga;7887;Kota
Surabaya;2018;Mangga;28966;Kota
Batu;2018;Mangga;753;Kota
Pacitan;2019;Mangga;81580;Kabupaten
Ponorogo;2019;Mangga;582415;Kabupaten
Trenggalek;2019;Mangga;131614;Kabupaten
Tulungagung;2019;Mangga;116524;Kabupaten
Blitar;2019;Mangga;95975;Kabupaten
Kediri;2019;Mangga;1214012;Kabupaten
Malang;2019;Mangga;203287;Kabupaten
Lumajang;2019;Mangga;132022;Kabupaten
Jember;2019;Mangga;177316;Kabupaten
Banyuwangi;2019;Mangga;140222;Kabupaten
Bondowoso;2019;Mangga;446420;Kabupaten
Situbondo;2019;Mangga;260911;Kabupaten
Probolinggo;2019;Mangga;806092;Kabupaten
Pasuruan;2019;Mangga;2460098;Kabupaten
Sidoarjo;2019;Mangga;90247;Kabupaten
Mojokerto;2019;Mangga;115459;Kabupaten
Jombang;2019;Mangga;222514;Kabupaten
Nganjuk;2019;Mangga;559772;Kabupaten
Madiun;2019;Mangga;438254;Kabupaten
Magetan;2019;Mangga;123690;Kabupaten
Ngawi;2019;Mangga;169930;Kabupaten
Bojonegoro;2019;Mangga;598767;Kabupaten
Tuban;2019;Mangga;380503;Kabupaten
Lamongan;2019;Mangga;439425;Kabupaten
Gresik;2019;Mangga;379227;Kabupaten
Bangkalan;2019;Mangga;221339;Kabupaten
Sampang;2019;Mangga;329261;Kabupaten
Pamekasan;2019;Mangga;142023;Kabupaten
Sumenep;2019;Mangga;296646;Kabupaten
Kediri;2019;Mangga;19344;Kota
Blitar;2019;Mangga;3128;Kota
Malang;2019;Mangga;3690;Kota
Probolinggo;2019;Mangga;27457;Kota
Pasuruan;2019;Mangga;39736;Kota
Mojokerto;2019;Mangga;1517;Kota
Madiun;2019;Mangga;3963;Kota
Surabaya;2019;Mangga;26132;Kota
Batu;2019;Mangga;700;Kota
Pacitan;2020;Mangga;68098;Kabupaten
Ponorogo;2020;Mangga;361430;Kabupaten
Trenggalek;2020;Mangga;75442;Kabupaten
Tulungagung;2020;Mangga;50116;Kabupaten
Blitar;2020;Mangga;48009;Kabupaten
Kediri;2020;Mangga;1206123;Kabupaten
Malang;2020;Mangga;226697;Kabupaten
Lumajang;2020;Mangga;114449;Kabupaten
Jember;2020;Mangga;200539;Kabupaten
Banyuwangi;2020;Mangga;271319;Kabupaten
Bondowoso;2020;Mangga;750573;Kabupaten
Situbondo;2020;Mangga;276820;Kabupaten
Probolinggo;2020;Mangga;1061958;Kabupaten
Pasuruan;2020;Mangga;2478500;Kabupaten
Sidoarjo;2020;Mangga;86922;Kabupaten
Mojokerto;2020;Mangga;176598;Kabupaten
Jombang;2020;Mangga;265305;Kabupaten
Nganjuk;2020;Mangga;373740;Kabupaten
Madiun;2020;Mangga;376819;Kabupaten
Magetan;2020;Mangga;474235;Kabupaten
Ngawi;2020;Mangga;122070;Kabupaten
Bojonegoro;2020;Mangga;533786;Kabupaten
Tuban;2020;Mangga;566192;Kabupaten
Lamongan;2020;Mangga;891529;Kabupaten
Gresik;2020;Mangga;675921;Kabupaten
Bangkalan;2020;Mangga;277262;Kabupaten
Sampang;2020;Mangga;451294;Kabupaten
Pamekasan;2020;Mangga;66673;Kabupaten
Sumenep;2020;Mangga;297613;Kabupaten
Kediri;2020;Mangga;6473;Kota
Blitar;2020;Mangga;17574;Kota
Malang;2020;Mangga;5727;Kota
Probolinggo;2020;Mangga;14667;Kota
Pasuruan;2020;Mangga;24244;Kota
Mojokerto;2020;Mangga;680;Kota
Madiun;2020;Mangga;9307;Kota
Surabaya;2020;Mangga;24120;Kota
Batu;2020;Mangga;771;Kota
Pacitan;2021;Mangga;63739;Kabupaten
Ponorogo;2021;Mangga;625060;Kabupaten
Trenggalek;2021;Mangga;114860;Kabupaten
Tulungagung;2021;Mangga;46832;Kabupaten
Blitar;2021;Mangga;34364;Kabupaten
Kediri;2021;Mangga;762121;Kabupaten
Malang;2021;Mangga;125140;Kabupaten
Lumajang;2021;Mangga;94122;Kabupaten
Jember;2021;Mangga;125589;Kabupaten
Banyuwangi;2021;Mangga;119831;Kabupaten
Bondowoso;2021;Mangga;814698;Kabupaten
Situbondo;2021;Mangga;309424;Kabupaten
Probolinggo;2021;Mangga;1412406;Kabupaten
Pasuruan;2021;Mangga;1680232;Kabupaten
Sidoarjo;2021;Mangga;99273;Kabupaten
Mojokerto;2021;Mangga;117178;Kabupaten
Jombang;2021;Mangga;477591;Kabupaten
Nganjuk;2021;Mangga;222937;Kabupaten
Madiun;2021;Mangga;383108;Kabupaten
Magetan;2021;Mangga;283883;Kabupaten
Ngawi;2021;Mangga;148098;Kabupaten
Bojonegoro;2021;Mangga;375295;Kabupaten
Tuban;2021;Mangga;456566;Kabupaten
Lamongan;2021;Mangga;186905;Kabupaten
Gresik;2021;Mangga;1418553;Kabupaten
Bangkalan;2021;Mangga;174979;Kabupaten
Sampang;2021;Mangga;549758;Kabupaten
Pamekasan;2021;Mangga;91614;Kabupaten
Sumenep;2021;Mangga;228428;Kabupaten
Kediri;2021;Mangga;9313;Kota
Blitar;2021;Mangga;8428;Kota
Malang;2021;Mangga;9536;Kota
Probolinggo;2021;Mangga;17792;Kota
Pasuruan;2021;Mangga;23900;Kota
Mojokerto;2021;Mangga;12588;Kota
Madiun;2021;Mangga;10190;Kota
Surabaya;2021;Mangga;3676;Kota
Batu;2021;Mangga;735;Kota
Pacitan;2018;Pepaya;18542;Kabupaten
Ponorogo;2018;Pepaya;91468;Kabupaten
Trenggalek;2018;Pepaya;10472;Kabupaten
Tulungagung;2018;Pepaya;99218;Kabupaten
Blitar;2018;Pepaya;68485;Kabupaten
Kediri;2018;Pepaya;159261;Kabupaten
Malang;2018;Pepaya;515534;Kabupaten
Lumajang;2018;Pepaya;251861;Kabupaten
Jember;2018;Pepaya;794057;Kabupaten
Banyuwangi;2018;Pepaya;178222;Kabupaten
Bondowoso;2018;Pepaya;21037;Kabupaten
Situbondo;2018;Pepaya;5991;Kabupaten
Probolinggo;2018;Pepaya;11658;Kabupaten
Pasuruan;2018;Pepaya;153892;Kabupaten
Sidoarjo;2018;Pepaya;1928;Kabupaten
Mojokerto;2018;Pepaya;7866;Kabupaten
Jombang;2018;Pepaya;20308;Kabupaten
Nganjuk;2018;Pepaya;4590;Kabupaten
Madiun;2018;Pepaya;16805;Kabupaten
Magetan;2018;Pepaya;9785;Kabupaten
Ngawi;2018;Pepaya;32062;Kabupaten
Bojonegoro;2018;Pepaya;58595;Kabupaten
Tuban;2018;Pepaya;18433;Kabupaten
Lamongan;2018;Pepaya;11772;Kabupaten
Gresik;2018;Pepaya;3919;Kabupaten
Bangkalan;2018;Pepaya;5337;Kabupaten
Sampang;2018;Pepaya;2942;Kabupaten
Pamekasan;2018;Pepaya;12051;Kabupaten
Sumenep;2018;Pepaya;24232;Kabupaten
Kediri;2018;Pepaya;1098;Kota
Blitar;2018;Pepaya;4448;Kota
Malang;2018;Pepaya;1399;Kota
Probolinggo;2018;Pepaya;789;Kota
Pasuruan;2018;Pepaya;1181;Kota
Mojokerto;2018;Pepaya;42;Kota
Madiun;2018;Pepaya;438;Kota
Surabaya;2018;Pepaya;740;Kota
Batu;2018;Pepaya;1144;Kota
Pacitan;2019;Pepaya;17494;Kabupaten
Ponorogo;2019;Pepaya;91529;Kabupaten
Trenggalek;2019;Pepaya;11025;Kabupaten
Tulungagung;2019;Pepaya;53265;Kabupaten
Blitar;2019;Pepaya;55778;Kabupaten
Kediri;2019;Pepaya;222357;Kabupaten
Malang;2019;Pepaya;515732;Kabupaten
Lumajang;2019;Pepaya;399483;Kabupaten
Jember;2019;Pepaya;927261;Kabupaten
Banyuwangi;2019;Pepaya;70522;Kabupaten
Bondowoso;2019;Pepaya;21871;Kabupaten
Situbondo;2019;Pepaya;4327;Kabupaten
Probolinggo;2019;Pepaya;14560;Kabupaten
Pasuruan;2019;Pepaya;196907;Kabupaten
Sidoarjo;2019;Pepaya;2391;Kabupaten
Mojokerto;2019;Pepaya;9719;Kabupaten
Jombang;2019;Pepaya;30246;Kabupaten
Nganjuk;2019;Pepaya;8823;Kabupaten
Madiun;2019;Pepaya;16962;Kabupaten
Magetan;2019;Pepaya;7874;Kabupaten
Ngawi;2019;Pepaya;27122;Kabupaten
Bojonegoro;2019;Pepaya;37878;Kabupaten
Tuban;2019;Pepaya;10167;Kabupaten
Lamongan;2019;Pepaya;21093;Kabupaten
Gresik;2019;Pepaya;8486;Kabupaten
Bangkalan;2019;Pepaya;6267;Kabupaten
Sampang;2019;Pepaya;9171;Kabupaten
Pamekasan;2019;Pepaya;9279;Kabupaten
Sumenep;2019;Pepaya;24693;Kabupaten
Kediri;2019;Pepaya;888;Kota
Blitar;2019;Pepaya;5564;Kota
Malang;2019;Pepaya;952;Kota
Probolinggo;2019;Pepaya;840;Kota
Pasuruan;2019;Pepaya;1435;Kota
Mojokerto;2019;Pepaya;38;Kota
Madiun;2019;Pepaya;1031;Kota
Surabaya;2019;Pepaya;706;Kota
Batu;2019;Pepaya;1111;Kota
Pacitan;2020;Pepaya;12079;Kabupaten
Ponorogo;2020;Pepaya;81409;Kabupaten
Trenggalek;2020;Pepaya;11725;Kabupaten
Tulungagung;2020;Pepaya;47717;Kabupaten
Blitar;2020;Pepaya;49098;Kabupaten
Kediri;2020;Pepaya;223733;Kabupaten
Malang;2020;Pepaya;576033;Kabupaten
Lumajang;2020;Pepaya;319402;Kabupaten
Jember;2020;Pepaya;472098;Kabupaten
Banyuwangi;2020;Pepaya;100844;Kabupaten
Bondowoso;2020;Pepaya;31411;Kabupaten
Situbondo;2020;Pepaya;3252;Kabupaten
Probolinggo;2020;Pepaya;12686;Kabupaten
Pasuruan;2020;Pepaya;313631;Kabupaten
Sidoarjo;2020;Pepaya;2282;Kabupaten
Mojokerto;2020;Pepaya;12793;Kabupaten
Jombang;2020;Pepaya;56880;Kabupaten
Nganjuk;2020;Pepaya;8820;Kabupaten
Madiun;2020;Pepaya;20495;Kabupaten
Magetan;2020;Pepaya;6814;Kabupaten
Ngawi;2020;Pepaya;47031;Kabupaten
Bojonegoro;2020;Pepaya;42249;Kabupaten
Tuban;2020;Pepaya;13436;Kabupaten
Lamongan;2020;Pepaya;137669;Kabupaten
Gresik;2020;Pepaya;8262;Kabupaten
Bangkalan;2020;Pepaya;7422;Kabupaten
Sampang;2020;Pepaya;9526;Kabupaten
Pamekasan;2020;Pepaya;10929;Kabupaten
Sumenep;2020;Pepaya;25062;Kabupaten
Kediri;2020;Pepaya;1014;Kota
Blitar;2020;Pepaya;7835;Kota
Malang;2020;Pepaya;2416;Kota
Probolinggo;2020;Pepaya;2219;Kota
Pasuruan;2020;Pepaya;1079;Kota
Mojokerto;2020;Pepaya;24;Kota
Madiun;2020;Pepaya;2433;Kota
Surabaya;2020;Pepaya;712;Kota
Batu;2020;Pepaya;1229;Kota
Pacitan;2021;Pepaya;12324;Kabupaten
Ponorogo;2021;Pepaya;76731;Kabupaten
Trenggalek;2021;Pepaya;14656;Kabupaten
Tulungagung;2021;Pepaya;50941;Kabupaten
Blitar;2021;Pepaya;89336;Kabupaten
Kediri;2021;Pepaya;98784;Kabupaten
Malang;2021;Pepaya;924167;Kabupaten
Lumajang;2021;Pepaya;296218;Kabupaten
Jember;2021;Pepaya;265808;Kabupaten
Banyuwangi;2021;Pepaya;407684;Kabupaten
Bondowoso;2021;Pepaya;38942;Kabupaten
Situbondo;2021;Pepaya;4349;Kabupaten
Probolinggo;2021;Pepaya;21844;Kabupaten
Pasuruan;2021;Pepaya;63368;Kabupaten
Sidoarjo;2021;Pepaya;3024;Kabupaten
Mojokerto;2021;Pepaya;10679;Kabupaten
Jombang;2021;Pepaya;233907;Kabupaten
Nganjuk;2021;Pepaya;5318;Kabupaten
Madiun;2021;Pepaya;26077;Kabupaten
Magetan;2021;Pepaya;25143;Kabupaten
Ngawi;2021;Pepaya;71438;Kabupaten
Bojonegoro;2021;Pepaya;28974;Kabupaten
Tuban;2021;Pepaya;13876;Kabupaten
Lamongan;2021;Pepaya;10455;Kabupaten
Gresik;2021;Pepaya;67601;Kabupaten
Bangkalan;2021;Pepaya;9413;Kabupaten
Sampang;2021;Pepaya;26077;Kabupaten
Pamekasan;2021;Pepaya;9976;Kabupaten
Sumenep;2021;Pepaya;27384;Kabupaten
Kediri;2021;Pepaya;4199;Kota
Blitar;2021;Pepaya;10730;Kota
Malang;2021;Pepaya;2169;Kota
Probolinggo;2021;Pepaya;787;Kota
Pasuruan;2021;Pepaya;1243;Kota
Mojokerto;2021;Pepaya;101;Kota
Madiun;2021;Pepaya;2578;Kota
Surabaya;2021;Pepaya;912;Kota
Batu;2021;Pepaya;1091;Kota
Pacitan;2018;Jahe;14217215;Kabupaten
Ponorogo;2018;Jahe;5564974;Kabupaten
Trenggalek;2018;Jahe;2027930;Kabupaten
Tulungagung;2018;Jahe;57242;Kabupaten
Blitar;2018;Jahe;233803;Kabupaten
Kediri;2018;Jahe;36856;Kabupaten
Malang;2018;Jahe;7449728;Kabupaten
Lumajang;2018;Jahe;270364;Kabupaten
Jember;2018;Jahe;433142;Kabupaten
Banyuwangi;2018;Jahe;34877;Kabupaten
Bondowoso;2018;Jahe;1056064;Kabupaten
Situbondo;2018;Jahe;35073492;Kabupaten
Probolinggo;2018;Jahe;3336115;Kabupaten
Pasuruan;2018;Jahe;1480877;Kabupaten
Sidoarjo;2018;Jahe;787;Kabupaten
Mojokerto;2018;Jahe;515882;Kabupaten
Jombang;2018;Jahe;31562;Kabupaten
Nganjuk;2018;Jahe;208743;Kabupaten
Madiun;2018;Jahe;194558;Kabupaten
Magetan;2018;Jahe;2219353;Kabupaten
Ngawi;2018;Jahe;55540;Kabupaten
Bojonegoro;2018;Jahe;102776;Kabupaten
Tuban;2018;Jahe;8000;Kabupaten
Lamongan;2018;Jahe;10702;Kabupaten
Gresik;2018;Jahe;106251;Kabupaten
Bangkalan;2018;Jahe;3859;Kabupaten
Sampang;2018;Jahe;4673;Kabupaten
Pamekasan;2018;Jahe;2114765;Kabupaten
Sumenep;2018;Jahe;74287;Kabupaten
Kediri;2018;Jahe;194558;Kota
Blitar;2018;Jahe;194558;Kota
Malang;2018;Jahe;1482;Kota
Probolinggo;2018;Jahe;33;Kota
Pasuruan;2018;Jahe;194558;Kota
Mojokerto;2018;Jahe;194558;Kota
Madiun;2018;Jahe;194558;Kota
Surabaya;2018;Jahe;2917;Kota
Batu;2018;Jahe;312200;Kota
Pacitan;2019;Jahe;14398170;Kabupaten
Ponorogo;2019;Jahe;3114616;Kabupaten
Trenggalek;2019;Jahe;2359921;Kabupaten
Tulungagung;2019;Jahe;66119;Kabupaten
Blitar;2019;Jahe;123210;Kabupaten
Kediri;2019;Jahe;1957164;Kabupaten
Malang;2019;Jahe;7450539;Kabupaten
Lumajang;2019;Jahe;111372;Kabupaten
Jember;2019;Jahe;408516;Kabupaten
Banyuwangi;2019;Jahe;20358;Kabupaten
Bondowoso;2019;Jahe;831588;Kabupaten
Situbondo;2019;Jahe;10743260;Kabupaten
Probolinggo;2019;Jahe;943314;Kabupaten
Pasuruan;2019;Jahe;1243748;Kabupaten
Sidoarjo;2019;Jahe;485;Kabupaten
Mojokerto;2019;Jahe;292921;Kabupaten
Jombang;2019;Jahe;21436;Kabupaten
Nganjuk;2019;Jahe;90912;Kabupaten
Madiun;2019;Jahe;154517;Kabupaten
Magetan;2019;Jahe;2274155;Kabupaten
Ngawi;2019;Jahe;479442;Kabupaten
Bojonegoro;2019;Jahe;83230;Kabupaten
Tuban;2019;Jahe;5473;Kabupaten
Lamongan;2019;Jahe;7385;Kabupaten
Gresik;2019;Jahe;105801;Kabupaten
Bangkalan;2019;Jahe;1056;Kabupaten
Sampang;2019;Jahe;8341;Kabupaten
Pamekasan;2019;Jahe;1521883;Kabupaten
Sumenep;2019;Jahe;78335;Kabupaten
Kediri;2019;Jahe;123210;Kota
Blitar;2019;Jahe;123210;Kota
Malang;2019;Jahe;464;Kota
Probolinggo;2019;Jahe;48;Kota
Pasuruan;2019;Jahe;123210;Kota
Mojokerto;2019;Jahe;123210;Kota
Madiun;2019;Jahe;123210;Kota
Surabaya;2019;Jahe;1162;Kota
Batu;2019;Jahe;192800;Kota
Pacitan;2020;Jahe;21060220;Kabupaten
Ponorogo;2020;Jahe;2811560;Kabupaten
Trenggalek;2020;Jahe;1360108;Kabupaten
Tulungagung;2020;Jahe;16894;Kabupaten
Blitar;2020;Jahe;130806;Kabupaten
Kediri;2020;Jahe;1955453;Kabupaten
Malang;2020;Jahe;7846211;Kabupaten
Lumajang;2020;Jahe;17019;Kabupaten
Jember;2020;Jahe;784512;Kabupaten
Banyuwangi;2020;Jahe;73623;Kabupaten
Bondowoso;2020;Jahe;2074684;Kabupaten
Situbondo;2020;Jahe;314000;Kabupaten
Probolinggo;2020;Jahe;962897;Kabupaten
Pasuruan;2020;Jahe;681875;Kabupaten
Sidoarjo;2020;Jahe;309;Kabupaten
Mojokerto;2020;Jahe;288175;Kabupaten
Jombang;2020;Jahe;31896;Kabupaten
Nganjuk;2020;Jahe;60496;Kabupaten
Madiun;2020;Jahe;84417;Kabupaten
Magetan;2020;Jahe;3563246;Kabupaten
Ngawi;2020;Jahe;162974;Kabupaten
Bojonegoro;2020;Jahe;65409;Kabupaten
Tuban;2020;Jahe;24872;Kabupaten
Lamongan;2020;Jahe;3662;Kabupaten
Gresik;2020;Jahe;81270;Kabupaten
Bangkalan;2020;Jahe;1150;Kabupaten
Sampang;2020;Jahe;8469;Kabupaten
Pamekasan;2020;Jahe;179454;Kabupaten
Sumenep;2020;Jahe;103461;Kabupaten
Kediri;2020;Jahe;103461;Kota
Blitar;2020;Jahe;103461;Kota
Malang;2020;Jahe;29013;Kota
Probolinggo;2020;Jahe;44;Kota
Pasuruan;2020;Jahe;103461;Kota
Mojokerto;2020;Jahe;103461;Kota
Madiun;2020;Jahe;103461;Kota
Surabaya;2020;Jahe;191;Kota
Batu;2020;Jahe;314185;Kota
Pacitan;2021;Jahe;6741102;Kabupaten
Ponorogo;2021;Jahe;2725762;Kabupaten
Trenggalek;2021;Jahe;2192875;Kabupaten
Tulungagung;2021;Jahe;244133;Kabupaten
Blitar;2021;Jahe;549698;Kabupaten
Kediri;2021;Jahe;1043329;Kabupaten
Malang;2021;Jahe;755938;Kabupaten
Lumajang;2021;Jahe;10311;Kabupaten
Jember;2021;Jahe;399938;Kabupaten
Banyuwangi;2021;Jahe;78919;Kabupaten
Bondowoso;2021;Jahe;487430;Kabupaten
Situbondo;2021;Jahe;271775;Kabupaten
Probolinggo;2021;Jahe;880579;Kabupaten
Pasuruan;2021;Jahe;1432301;Kabupaten
Sidoarjo;2021;Jahe;332;Kabupaten
Mojokerto;2021;Jahe;370535;Kabupaten
Jombang;2021;Jahe;4589;Kabupaten
Nganjuk;2021;Jahe;63447;Kabupaten
Madiun;2021;Jahe;131126;Kabupaten
Magetan;2021;Jahe;1821514;Kabupaten
Ngawi;2021;Jahe;268336;Kabupaten
Bojonegoro;2021;Jahe;142783;Kabupaten
Tuban;2021;Jahe;33703;Kabupaten
Lamongan;2021;Jahe;3127;Kabupaten
Gresik;2021;Jahe;83570;Kabupaten
Bangkalan;2021;Jahe;710;Kabupaten
Sampang;2021;Jahe;10661;Kabupaten
Pamekasan;2021;Jahe;683733;Kabupaten
Sumenep;2021;Jahe;112046;Kabupaten
Kediri;2021;Jahe;244133;Kota
Blitar;2021;Jahe;244133;Kota
Malang;2021;Jahe;8974;Kota
Probolinggo;2021;Jahe;88;Kota
Pasuruan;2021;Jahe;244133;Kota
Mojokerto;2021;Jahe;244133;Kota
Madiun;2021;Jahe;244133;Kota
Surabaya;2021;Jahe;1388;Kota
Batu;2021;Jahe;318670;Kota
Pacitan;2018;Kencur;4385800;Kabupaten
Ponorogo;2018;Kencur;885265;Kabupaten
Trenggalek;2018;Kencur;342038;Kabupaten
Tulungagung;2018;Kencur;7771;Kabupaten
Blitar;2018;Kencur;60322;Kabupaten
Kediri;2018;Kencur;5200;Kabupaten
Malang;2018;Kencur;643225;Kabupaten
Lumajang;2018;Kencur;3411;Kabupaten
Jember;2018;Kencur;81494;Kabupaten
Banyuwangi;2018;Kencur;15917;Kabupaten
Bondowoso;2018;Kencur;3474;Kabupaten
Situbondo;2018;Kencur;10881;Kabupaten
Probolinggo;2018;Kencur;80119;Kabupaten
Pasuruan;2018;Kencur;1023551;Kabupaten
Sidoarjo;2018;Kencur;33;Kabupaten
Mojokerto;2018;Kencur;25461;Kabupaten
Jombang;2018;Kencur;7766;Kabupaten
Nganjuk;2018;Kencur;86002;Kabupaten
Madiun;2018;Kencur;54304;Kabupaten
Magetan;2018;Kencur;10881;Kabupaten
Ngawi;2018;Kencur;7157;Kabupaten
Bojonegoro;2018;Kencur;160513;Kabupaten
Tuban;2018;Kencur;8875;Kabupaten
Lamongan;2018;Kencur;8899;Kabupaten
Gresik;2018;Kencur;35;Kabupaten
Bangkalan;2018;Kencur;5873;Kabupaten
Sampang;2018;Kencur;6183;Kabupaten
Pamekasan;2018;Kencur;782650;Kabupaten
Sumenep;2018;Kencur;55116;Kabupaten
Kediri;2018;Kencur;10881;Kota
Blitar;2018;Kencur;10881;Kota
Malang;2018;Kencur;2212;Kota
Probolinggo;2018;Kencur;9;Kota
Pasuruan;2018;Kencur;10881;Kota
Mojokerto;2018;Kencur;10881;Kota
Madiun;2018;Kencur;10881;Kota
Surabaya;2018;Kencur;163;Kota
Batu;2018;Kencur;10881;Kota
Pacitan;2019;Kencur;1134884;Kabupaten
Ponorogo;2019;Kencur;459072;Kabupaten
Trenggalek;2019;Kencur;189772;Kabupaten
Tulungagung;2019;Kencur;6757;Kabupaten
Blitar;2019;Kencur;33975;Kabupaten
Kediri;2019;Kencur;14890;Kabupaten
Malang;2019;Kencur;649246;Kabupaten
Lumajang;2019;Kencur;10407;Kabupaten
Jember;2019;Kencur;96290;Kabupaten
Banyuwangi;2019;Kencur;18042;Kabupaten
Bondowoso;2019;Kencur;8176;Kabupaten
Situbondo;2019;Kencur;4;Kabupaten
Probolinggo;2019;Kencur;179608;Kabupaten
Pasuruan;2019;Kencur;472345;Kabupaten
Sidoarjo;2019;Kencur;226;Kabupaten
Mojokerto;2019;Kencur;6520;Kabupaten
Jombang;2019;Kencur;16577;Kabupaten
Nganjuk;2019;Kencur;29150;Kabupaten
Madiun;2019;Kencur;46942;Kabupaten
Magetan;2019;Kencur;16650;Kabupaten
Ngawi;2019;Kencur;3344;Kabupaten
Bojonegoro;2019;Kencur;129770;Kabupaten
Tuban;2019;Kencur;2590;Kabupaten
Lamongan;2019;Kencur;5504;Kabupaten
Gresik;2019;Kencur;65;Kabupaten
Bangkalan;2019;Kencur;2245;Kabupaten
Sampang;2019;Kencur;7266;Kabupaten
Pamekasan;2019;Kencur;202880;Kabupaten
Sumenep;2019;Kencur;58196;Kabupaten
Kediri;2019;Kencur;15733.5;Kota
Blitar;2019;Kencur;15733.5;Kota
Malang;2019;Kencur;600;Kota
Probolinggo;2019;Kencur;27;Kota
Pasuruan;2019;Kencur;15733.5;Kota
Mojokerto;2019;Kencur;15733.5;Kota
Madiun;2019;Kencur;15733.5;Kota
Surabaya;2019;Kencur;42;Kota
Batu;2019;Kencur;15733.5;Kota
Pacitan;2020;Kencur;7498030;Kabupaten
Ponorogo;2020;Kencur;157360;Kabupaten
Trenggalek;2020;Kencur;71533;Kabupaten
Tulungagung;2020;Kencur;7150;Kabupaten
Blitar;2020;Kencur;17591;Kabupaten
Kediri;2020;Kencur;7961;Kabupaten
Malang;2020;Kencur;649708;Kabupaten
Lumajang;2020;Kencur;3795;Kabupaten
Jember;2020;Kencur;131535;Kabupaten
Banyuwangi;2020;Kencur;26765;Kabupaten
Bondowoso;2020;Kencur;10539;Kabupaten
Situbondo;2020;Kencur;2;Kabupaten
Probolinggo;2020;Kencur;249573;Kabupaten
Pasuruan;2020;Kencur;76705;Kabupaten
Sidoarjo;2020;Kencur;117;Kabupaten
Mojokerto;2020;Kencur;8087;Kabupaten
Jombang;2020;Kencur;14372;Kabupaten
Nganjuk;2020;Kencur;15448;Kabupaten
Madiun;2020;Kencur;5574;Kabupaten
Magetan;2020;Kencur;20992;Kabupaten
Ngawi;2020;Kencur;1360;Kabupaten
Bojonegoro;2020;Kencur;47305;Kabupaten
Tuban;2020;Kencur;6228;Kabupaten
Lamongan;2020;Kencur;1758;Kabupaten
Gresik;2020;Kencur;21;Kabupaten
Bangkalan;2020;Kencur;1683;Kabupaten
Sampang;2020;Kencur;6182;Kabupaten
Pamekasan;2020;Kencur;42315;Kabupaten
Sumenep;2020;Kencur;57784;Kabupaten
Kediri;2020;Kencur;8087;Kota
Blitar;2020;Kencur;8087;Kota
Malang;2020;Kencur;2840;Kota
Probolinggo;2020;Kencur;6;Kota
Pasuruan;2020;Kencur;8087;Kota
Mojokerto;2020;Kencur;8087;Kota
Madiun;2020;Kencur;8087;Kota
Surabaya;2020;Kencur;14;Kota
Batu;2020;Kencur;1123;Kota
Pacitan;2021;Kencur;1637463;Kabupaten
Ponorogo;2021;Kencur;69802;Kabupaten
Trenggalek;2021;Kencur;204454;Kabupaten
Tulungagung;2021;Kencur;83287;Kabupaten
Blitar;2021;Kencur;93394;Kabupaten
Kediri;2021;Kencur;29697;Kabupaten
Malang;2021;Kencur;61594;Kabupaten
Lumajang;2021;Kencur;928;Kabupaten
Jember;2021;Kencur;108342;Kabupaten
Banyuwangi;2021;Kencur;38891;Kabupaten
Bondowoso;2021;Kencur;11065;Kabupaten
Situbondo;2021;Kencur;19495.5;Kabupaten
Probolinggo;2021;Kencur;110338;Kabupaten
Pasuruan;2021;Kencur;430927;Kabupaten
Sidoarjo;2021;Kencur;107;Kabupaten
Mojokerto;2021;Kencur;13855;Kabupaten
Jombang;2021;Kencur;14849;Kabupaten
Nganjuk;2021;Kencur;16696;Kabupaten
Madiun;2021;Kencur;33157;Kabupaten
Magetan;2021;Kencur;22295;Kabupaten
Ngawi;2021;Kencur;2567;Kabupaten
Bojonegoro;2021;Kencur;41810;Kabupaten
Tuban;2021;Kencur;9246;Kabupaten
Lamongan;2021;Kencur;2112;Kabupaten
Gresik;2021;Kencur;130;Kabupaten
Bangkalan;2021;Kencur;1696;Kabupaten
Sampang;2021;Kencur;9942;Kabupaten
Pamekasan;2021;Kencur;173492;Kabupaten
Sumenep;2021;Kencur;63730;Kabupaten
Kediri;2021;Kencur;19495.5;Kota
Blitar;2021;Kencur;19495.5;Kota
Malang;2021;Kencur;2459;Kota
Probolinggo;2021;Kencur;1;Kota
Pasuruan;2021;Kencur;19495.5;Kota
Mojokerto;2021;Kencur;19495.5;Kota
Madiun;2021;Kencur;19495.5;Kota
Surabaya;2021;Kencur;59;Kota
Batu;2021;Kencur;1527;Kota
Pacitan;2018;Mengkudu;25278;Kabupaten
Ponorogo;2018;Mengkudu;45493;Kabupaten
Trenggalek;2018;Mengkudu;93416;Kabupaten
Tulungagung;2018;Mengkudu;65325;Kabupaten
Blitar;2018;Mengkudu;39484;Kabupaten
Kediri;2018;Mengkudu;668;Kabupaten
Malang;2018;Mengkudu;340038;Kabupaten
Lumajang;2018;Mengkudu;419;Kabupaten
Jember;2018;Mengkudu;49512;Kabupaten
Banyuwangi;2018;Mengkudu;350;Kabupaten
Bondowoso;2018;Mengkudu;2165;Kabupaten
Situbondo;2018;Mengkudu;14783;Kabupaten
Probolinggo;2018;Mengkudu;15391;Kabupaten
Pasuruan;2018;Mengkudu;255748;Kabupaten
Sidoarjo;2018;Mengkudu;502;Kabupaten
Mojokerto;2018;Mengkudu;51911;Kabupaten
Jombang;2018;Mengkudu;8313;Kabupaten
Nganjuk;2018;Mengkudu;14175;Kabupaten
Madiun;2018;Mengkudu;263;Kabupaten
Magetan;2018;Mengkudu;1558;Kabupaten
Ngawi;2018;Mengkudu;1409;Kabupaten
Bojonegoro;2018;Mengkudu;19299;Kabupaten
Tuban;2018;Mengkudu;1463;Kabupaten
Lamongan;2018;Mengkudu;29934;Kabupaten
Gresik;2018;Mengkudu;14783;Kabupaten
Bangkalan;2018;Mengkudu;6532;Kabupaten
Sampang;2018;Mengkudu;46044;Kabupaten
Pamekasan;2018;Mengkudu;106665;Kabupaten
Sumenep;2018;Mengkudu;107366;Kabupaten
Kediri;2018;Mengkudu;14783;Kota
Blitar;2018;Mengkudu;14783;Kota
Malang;2018;Mengkudu;4889;Kota
Probolinggo;2018;Mengkudu;50;Kota
Pasuruan;2018;Mengkudu;14783;Kota
Mojokerto;2018;Mengkudu;14783;Kota
Madiun;2018;Mengkudu;14783;Kota
Surabaya;2018;Mengkudu;707;Kota
Batu;2018;Mengkudu;14783;Kota
Pacitan;2019;Mengkudu;27318;Kabupaten
Ponorogo;2019;Mengkudu;153143;Kabupaten
Trenggalek;2019;Mengkudu;72784;Kabupaten
Tulungagung;2019;Mengkudu;58313;Kabupaten
Blitar;2019;Mengkudu;44691;Kabupaten
Kediri;2019;Mengkudu;26500;Kabupaten
Malang;2019;Mengkudu;346753;Kabupaten
Lumajang;2019;Mengkudu;19946;Kabupaten
Jember;2019;Mengkudu;46023;Kabupaten
Banyuwangi;2019;Mengkudu;292;Kabupaten
Bondowoso;2019;Mengkudu;1598;Kabupaten
Situbondo;2019;Mengkudu;29;Kabupaten
Probolinggo;2019;Mengkudu;16681;Kabupaten
Pasuruan;2019;Mengkudu;216315;Kabupaten
Sidoarjo;2019;Mengkudu;187;Kabupaten
Mojokerto;2019;Mengkudu;23609;Kabupaten
Jombang;2019;Mengkudu;8410;Kabupaten
Nganjuk;2019;Mengkudu;7724;Kabupaten
Madiun;2019;Mengkudu;1182;Kabupaten
Magetan;2019;Mengkudu;1238;Kabupaten
Ngawi;2019;Mengkudu;2946;Kabupaten
Bojonegoro;2019;Mengkudu;8490;Kabupaten
Tuban;2019;Mengkudu;3324;Kabupaten
Lamongan;2019;Mengkudu;365739;Kabupaten
Gresik;2019;Mengkudu;16497.5;Kabupaten
Bangkalan;2019;Mengkudu;14309;Kabupaten
Sampang;2019;Mengkudu;16314;Kabupaten
Pamekasan;2019;Mengkudu;58767;Kabupaten
Sumenep;2019;Mengkudu;102355;Kabupaten
Kediri;2019;Mengkudu;16497.5;Kota
Blitar;2019;Mengkudu;16497.5;Kota
Malang;2019;Mengkudu;6775;Kota
Probolinggo;2019;Mengkudu;16497.5;Kota
Pasuruan;2019;Mengkudu;16497.5;Kota
Mojokerto;2019;Mengkudu;16497.5;Kota
Madiun;2019;Mengkudu;16497.5;Kota
Surabaya;2019;Mengkudu;1297;Kota
Batu;2019;Mengkudu;16497.5;Kota
Pacitan;2020;Mengkudu;32224;Kabupaten
Ponorogo;2020;Mengkudu;123137;Kabupaten
Trenggalek;2020;Mengkudu;104922;Kabupaten
Tulungagung;2020;Mengkudu;30697;Kabupaten
Blitar;2020;Mengkudu;32474;Kabupaten
Kediri;2020;Mengkudu;131595;Kabupaten
Malang;2020;Mengkudu;287303;Kabupaten
Lumajang;2020;Mengkudu;76936;Kabupaten
Jember;2020;Mengkudu;395464;Kabupaten
Banyuwangi;2020;Mengkudu;7561;Kabupaten
Bondowoso;2020;Mengkudu;1464;Kabupaten
Situbondo;2020;Mengkudu;21451;Kabupaten
Probolinggo;2020;Mengkudu;3560;Kabupaten
Pasuruan;2020;Mengkudu;187508;Kabupaten
Sidoarjo;2020;Mengkudu;189;Kabupaten
Mojokerto;2020;Mengkudu;27364;Kabupaten
Jombang;2020;Mengkudu;33805;Kabupaten
Nganjuk;2020;Mengkudu;1978;Kabupaten
Madiun;2020;Mengkudu;30;Kabupaten
Magetan;2020;Mengkudu;2126;Kabupaten
Ngawi;2020;Mengkudu;5838;Kabupaten
Bojonegoro;2020;Mengkudu;21451;Kabupaten
Tuban;2020;Mengkudu;1316;Kabupaten
Lamongan;2020;Mengkudu;27269;Kabupaten
Gresik;2020;Mengkudu;185;Kabupaten
Bangkalan;2020;Mengkudu;16472;Kabupaten
Sampang;2020;Mengkudu;14526;Kabupaten
Pamekasan;2020;Mengkudu;499996;Kabupaten
Sumenep;2020;Mengkudu;104610;Kabupaten
Kediri;2020;Mengkudu;21451;Kota
Blitar;2020;Mengkudu;21451;Kota
Malang;2020;Mengkudu;8346;Kota
Probolinggo;2020;Mengkudu;51;Kota
Pasuruan;2020;Mengkudu;21451;Kota
Mojokerto;2020;Mengkudu;21451;Kota
Madiun;2020;Mengkudu;21451;Kota
Surabaya;2020;Mengkudu;702;Kota
Batu;2020;Mengkudu;21451;Kota
Pacitan;2021;Mengkudu;21793;Kabupaten
Ponorogo;2021;Mengkudu;124351;Kabupaten
Trenggalek;2021;Mengkudu;65534;Kabupaten
Tulungagung;2021;Mengkudu;31398;Kabupaten
Blitar;2021;Mengkudu;43245;Kabupaten
Kediri;2021;Mengkudu;1009370;Kabupaten
Malang;2021;Mengkudu;248863;Kabupaten
Lumajang;2021;Mengkudu;29600;Kabupaten
Jember;2021;Mengkudu;454363;Kabupaten
Banyuwangi;2021;Mengkudu;16479;Kabupaten
Bondowoso;2021;Mengkudu;387;Kabupaten
Situbondo;2021;Mengkudu;3159;Kabupaten
Probolinggo;2021;Mengkudu;5125;Kabupaten
Pasuruan;2021;Mengkudu;22608;Kabupaten
Sidoarjo;2021;Mengkudu;54;Kabupaten
Mojokerto;2021;Mengkudu;26479;Kabupaten
Jombang;2021;Mengkudu;84649;Kabupaten
Nganjuk;2021;Mengkudu;675;Kabupaten
Madiun;2021;Mengkudu;29;Kabupaten
Magetan;2021;Mengkudu;22608;Kabupaten
Ngawi;2021;Mengkudu;10457;Kabupaten
Bojonegoro;2021;Mengkudu;54386;Kabupaten
Tuban;2021;Mengkudu;4256;Kabupaten
Lamongan;2021;Mengkudu;127289;Kabupaten
Gresik;2021;Mengkudu;830;Kabupaten
Bangkalan;2021;Mengkudu;28918;Kabupaten
Sampang;2021;Mengkudu;15213;Kabupaten
Pamekasan;2021;Mengkudu;104844;Kabupaten
Sumenep;2021;Mengkudu;106439;Kabupaten
Kediri;2021;Mengkudu;22608;Kota
Blitar;2021;Mengkudu;22608;Kota
Malang;2021;Mengkudu;10810;Kota
Probolinggo;2021;Mengkudu;10;Kota
Pasuruan;2021;Mengkudu;22608;Kota
Mojokerto;2021;Mengkudu;22608;Kota
Madiun;2021;Mengkudu;22608;Kota
Surabaya;2021;Mengkudu;760;Kota
Batu;2021;Mengkudu;22608;Kota
Pacitan;2018;Temukunci;48609;Kabupaten
Ponorogo;2018;Temukunci;952482;Kabupaten
Trenggalek;2018;Temukunci;90911;Kabupaten
Tulungagung;2018;Temukunci;657;Kabupaten
Blitar;2018;Temukunci;1555;Kabupaten
Kediri;2018;Temukunci;12354.5;Kabupaten
Malang;2018;Temukunci;578986;Kabupaten
Lumajang;2018;Temukunci;9621;Kabupaten
Jember;2018;Temukunci;56160;Kabupaten
Banyuwangi;2018;Temukunci;6171;Kabupaten
Bondowoso;2018;Temukunci;35680;Kabupaten
Situbondo;2018;Temukunci;12354.5;Kabupaten
Probolinggo;2018;Temukunci;1009755;Kabupaten
Pasuruan;2018;Temukunci;12478;Kabupaten
Sidoarjo;2018;Temukunci;12354.5;Kabupaten
Mojokerto;2018;Temukunci;15306;Kabupaten
Jombang;2018;Temukunci;12231;Kabupaten
Nganjuk;2018;Temukunci;12354.5;Kabupaten
Madiun;2018;Temukunci;15636;Kabupaten
Magetan;2018;Temukunci;404;Kabupaten
Ngawi;2018;Temukunci;1400;Kabupaten
Bojonegoro;2018;Temukunci;41202;Kabupaten
Tuban;2018;Temukunci;2154;Kabupaten
Lamongan;2018;Temukunci;4288;Kabupaten
Gresik;2018;Temukunci;48;Kabupaten
Bangkalan;2018;Temukunci;1362;Kabupaten
Sampang;2018;Temukunci;4813;Kabupaten
Pamekasan;2018;Temukunci;554380;Kabupaten
Sumenep;2018;Temukunci;17100;Kabupaten
Kediri;2018;Temukunci;12354.5;Kota
Blitar;2018;Temukunci;12354.5;Kota
Malang;2018;Temukunci;407;Kota
Probolinggo;2018;Temukunci;12354.5;Kota
Pasuruan;2018;Temukunci;12354.5;Kota
Mojokerto;2018;Temukunci;12354.5;Kota
Madiun;2018;Temukunci;12354.5;Kota
Surabaya;2018;Temukunci;12354.5;Kota
Batu;2018;Temukunci;12354.5;Kota
Pacitan;2019;Temukunci;32907;Kabupaten
Ponorogo;2019;Temukunci;1014260;Kabupaten
Trenggalek;2019;Temukunci;114532;Kabupaten
Tulungagung;2019;Temukunci;993;Kabupaten
Blitar;2019;Temukunci;3065;Kabupaten
Kediri;2019;Temukunci;5518;Kabupaten
Malang;2019;Temukunci;237802;Kabupaten
Lumajang;2019;Temukunci;10160;Kabupaten
Jember;2019;Temukunci;33964;Kabupaten
Banyuwangi;2019;Temukunci;5881;Kabupaten
Bondowoso;2019;Temukunci;1962;Kabupaten
Situbondo;2019;Temukunci;5518;Kabupaten
Probolinggo;2019;Temukunci;894764;Kabupaten
Pasuruan;2019;Temukunci;132839;Kabupaten
Sidoarjo;2019;Temukunci;5518;Kabupaten
Mojokerto;2019;Temukunci;3951;Kabupaten
Jombang;2019;Temukunci;5155;Kabupaten
Nganjuk;2019;Temukunci;5518;Kabupaten
Madiun;2019;Temukunci;14512;Kabupaten
Magetan;2019;Temukunci;15;Kabupaten
Ngawi;2019;Temukunci;1000;Kabupaten
Bojonegoro;2019;Temukunci;64455;Kabupaten
Tuban;2019;Temukunci;187;Kabupaten
Lamongan;2019;Temukunci;5038;Kabupaten
Gresik;2019;Temukunci;96;Kabupaten
Bangkalan;2019;Temukunci;1365;Kabupaten
Sampang;2019;Temukunci;2468;Kabupaten
Pamekasan;2019;Temukunci;354000;Kabupaten
Sumenep;2019;Temukunci;15381;Kabupaten
Kediri;2019;Temukunci;5518;Kota
Blitar;2019;Temukunci;5518;Kota
Malang;2019;Temukunci;416;Kota
Probolinggo;2019;Temukunci;5518;Kota
Pasuruan;2019;Temukunci;5518;Kota
Mojokerto;2019;Temukunci;5518;Kota
Madiun;2019;Temukunci;5518;Kota
Surabaya;2019;Temukunci;5518;Kota
Batu;2019;Temukunci;5518;Kota
Pacitan;2020;Temukunci;7518;Kabupaten
Ponorogo;2020;Temukunci;474834;Kabupaten
Trenggalek;2020;Temukunci;68145;Kabupaten
Tulungagung;2020;Temukunci;1293;Kabupaten
Blitar;2020;Temukunci;120;Kabupaten
Kediri;2020;Temukunci;7518;Kabupaten
Malang;2020;Temukunci;210678;Kabupaten
Lumajang;2020;Temukunci;576;Kabupaten
Jember;2020;Temukunci;123338;Kabupaten
Banyuwangi;2020;Temukunci;7346;Kabupaten
Bondowoso;2020;Temukunci;35350;Kabupaten
Situbondo;2020;Temukunci;7518;Kabupaten
Probolinggo;2020;Temukunci;1726286;Kabupaten
Pasuruan;2020;Temukunci;36773;Kabupaten
Sidoarjo;2020;Temukunci;3;Kabupaten
Mojokerto;2020;Temukunci;8449;Kabupaten
Jombang;2020;Temukunci;41519;Kabupaten
Nganjuk;2020;Temukunci;7518;Kabupaten
Madiun;2020;Temukunci;13098;Kabupaten
Magetan;2020;Temukunci;18;Kabupaten
Ngawi;2020;Temukunci;1000;Kabupaten
Bojonegoro;2020;Temukunci;46621;Kabupaten
Tuban;2020;Temukunci;3362;Kabupaten
Lamongan;2020;Temukunci;395;Kabupaten
Gresik;2020;Temukunci;29;Kabupaten
Bangkalan;2020;Temukunci;1677;Kabupaten
Sampang;2020;Temukunci;2466;Kabupaten
Pamekasan;2020;Temukunci;11130;Kabupaten
Sumenep;2020;Temukunci;13428;Kabupaten
Kediri;2020;Temukunci;7518;Kota
Blitar;2020;Temukunci;7518;Kota
Malang;2020;Temukunci;653;Kota
Probolinggo;2020;Temukunci;7518;Kota
Pasuruan;2020;Temukunci;7518;Kota
Mojokerto;2020;Temukunci;7518;Kota
Madiun;2020;Temukunci;7518;Kota
Surabaya;2020;Temukunci;7518;Kota
Batu;2020;Temukunci;7518;Kota
Pacitan;2021;Temukunci;8190;Kabupaten
Ponorogo;2021;Temukunci;284197;Kabupaten
Trenggalek;2021;Temukunci;64743;Kabupaten
Tulungagung;2021;Temukunci;2655;Kabupaten
Blitar;2021;Temukunci;1022;Kabupaten
Kediri;2021;Temukunci;783;Kabupaten
Malang;2021;Temukunci;31991;Kabupaten
Lumajang;2021;Temukunci;5308;Kabupaten
Jember;2021;Temukunci;39267;Kabupaten
Banyuwangi;2021;Temukunci;16006;Kabupaten
Bondowoso;2021;Temukunci;7444;Kabupaten
Situbondo;2021;Temukunci;7444;Kabupaten
Probolinggo;2021;Temukunci;215393;Kabupaten
Pasuruan;2021;Temukunci;116454;Kabupaten
Sidoarjo;2021;Temukunci;7444;Kabupaten
Mojokerto;2021;Temukunci;13287;Kabupaten
Jombang;2021;Temukunci;2078;Kabupaten
Nganjuk;2021;Temukunci;7444;Kabupaten
Madiun;2021;Temukunci;2454;Kabupaten
Magetan;2021;Temukunci;7444;Kabupaten
Ngawi;2021;Temukunci;1761;Kabupaten
Bojonegoro;2021;Temukunci;71848;Kabupaten
Tuban;2021;Temukunci;1434;Kabupaten
Lamongan;2021;Temukunci;215;Kabupaten
Gresik;2021;Temukunci;2139;Kabupaten
Bangkalan;2021;Temukunci;1066;Kabupaten
Sampang;2021;Temukunci;9090;Kabupaten
Pamekasan;2021;Temukunci;20837;Kabupaten
Sumenep;2021;Temukunci;14034;Kabupaten
Kediri;2021;Temukunci;7444;Kota
Blitar;2021;Temukunci;7444;Kota
Malang;2021;Temukunci;915;Kota
Probolinggo;2021;Temukunci;3;Kota
Pasuruan;2021;Temukunci;7444;Kota
Mojokerto;2021;Temukunci;7444;Kota
Madiun;2021;Temukunci;7444;Kota
Surabaya;2021;Temukunci;7444;Kota
Batu;2021;Temukunci;7444;Kota
